id,full_name,url,language,license,topics,owner_type,description,stars_count,forks_count,created_at,updated_at,contributors,languages
652366854,maaslalani/invoice,https://github.com/maaslalani/invoice,Go,MIT License,[],User,Command line invoice generator,964,29,2023-06-11T23:09:15Z,2023-07-10T10:26:28Z,"[{'login': 'maaslalani', 'contributions': 29}, {'login': 'dvrd', 'contributions': 2}, {'login': 'yonas', 'contributions': 2}, {'login': 'caarlos0', 'contributions': 1}, {'login': 'hopefulTex', 'contributions': 1}]",{'Go': 100.0}
652172053,SeedV/generative-ai-roadmap,https://github.com/SeedV/generative-ai-roadmap,,Creative Commons Attribution 4.0 International,[],Organization,生成式AI的应用路线图  The roadmap of generative AI: use cases and applications,466,57,2023-06-11T10:17:24Z,2023-07-10T07:53:14Z,"[{'login': 'wixette', 'contributions': 6}]",{}
652266983,hjiangsu/thunder,https://github.com/hjiangsu/thunder,Dart,MIT License,"['android', 'dart', 'flutter', 'ios', 'lemmy']",User,Thunder - An open-source cross-platform Lemmy client for iOS and Android built with Flutter,435,31,2023-06-11T16:03:16Z,2023-07-10T09:54:01Z,"[{'login': 'hjiangsu', 'contributions': 360}, {'login': 'bactaholic', 'contributions': 29}, {'login': 'MrAntonS', 'contributions': 21}, {'login': 'JulianPaulus', 'contributions': 17}, {'login': 'guigs4', 'contributions': 12}]","{'Dart': 88.75285664644875, 'C++': 4.542688364003404, 'CMake': 3.473939478624103, 'Ruby': 1.170604533495616, 'HTML': 0.6730930103859667, 'Swift': 0.5109329352260589, 'Dockerfile': 0.44143576015752695, 'C': 0.2619933187107355, 'Shell': 0.14248759438654035, 'Kotlin': 0.022981870062345217, 'Objective-C': 0.006986488498952946}"
652278230,MatthewJamesBoyle/golang-interview-prep,https://github.com/MatthewJamesBoyle/golang-interview-prep,Go,,[],User,,394,62,2023-06-11T16:41:28Z,2023-07-07T20:43:29Z,"[{'login': 'MatthewJamesBoyle', 'contributions': 2}]",{'Go': 100.0}
652277752,omniobject3d/OmniObject3D,https://github.com/omniobject3d/OmniObject3D,Python,,[],User,"[ CVPR 2023 Award Candidate ] OmniObject3D: Large-Vocabulary 3D Object Dataset for Realistic Perception, Reconstruction and Generation",279,5,2023-06-11T16:39:39Z,2023-07-10T07:40:13Z,"[{'login': 'wutong16', 'contributions': 8}, {'login': 'omniobject3d', 'contributions': 1}]","{'Python': 99.15562442680496, 'Shell': 0.8443755731950285}"
652210900,ttstormxx/jjjjjjjjjjjjjs,https://github.com/ttstormxx/jjjjjjjjjjjjjs,Python,MIT License,[],User,爬网站JS文件，自动fuzz api接口，指定api接口（针对前后端分离项目，可指定后端接口地址），回显api响应,256,17,2023-06-11T12:51:55Z,2023-07-10T07:59:14Z,"[{'login': 'ttstormxx', 'contributions': 30}]",{'Python': 100.0}
652124068,openSIL/openSIL,https://github.com/openSIL/openSIL,C,,[],Organization,,233,14,2023-06-11T06:54:24Z,2023-07-05T12:24:42Z,"[{'login': 'pbgrimes', 'contributions': 21}, {'login': 'ArthurHeymans', 'contributions': 4}, {'login': 'jgualari', 'contributions': 2}, {'login': 'heatd', 'contributions': 1}]","{'C': 83.292001338222, 'Python': 14.417175540743504, 'Assembly': 0.9752246334358046, 'Meson': 0.7737795146190849, 'Shell': 0.29422933547250785, 'Batchfile': 0.2382740773959017, 'Roff': 0.009315560111204886}"
652120217,mertdas/SharpTerminator,https://github.com/mertdas/SharpTerminator,C#,,[],User,Terminate AV/EDR Processes using kernel driver,223,43,2023-06-11T06:35:51Z,2023-07-10T08:33:33Z,"[{'login': 'mertdas', 'contributions': 24}]",{'C#': 100.0}
652065806,eugeneyan/obsidian-copilot,https://github.com/eugeneyan/obsidian-copilot,Python,Apache License 2.0,"['assistant', 'generative-ai', 'large-language-models', 'llm', 'obsidian-plugin', 'retrieval-augmented-generation']",User,🤖 A prototype assistant for writing and thinking,210,9,2023-06-11T01:17:43Z,2023-07-10T07:15:23Z,"[{'login': 'eugeneyan', 'contributions': 15}, {'login': 'lzumot', 'contributions': 2}, {'login': 'aayushmnit', 'contributions': 1}]","{'Python': 53.27655020178822, 'TypeScript': 34.11001360119512, 'Makefile': 7.155120515507591, 'JavaScript': 3.5697562933398737, 'Dockerfile': 1.2263372650449285, 'CSS': 0.36567147539521505, 'Shell': 0.2965506477290463}"
652191505,andrewgcodes/lightspeedGPT,https://github.com/andrewgcodes/lightspeedGPT,Jupyter Notebook,MIT License,[],User,"Use GPT4 and GPT3.5 on inputs of unlimited size. Uses multithreading to process multiple chunks in parallel. Useful for tasks like Named Entity Recognition, information extraction on large books, datasets, etc.",193,12,2023-06-11T11:37:44Z,2023-07-07T02:12:21Z,"[{'login': 'andrewgcodes', 'contributions': 17}]","{'Jupyter Notebook': 68.11961004874391, 'Python': 31.880389951256095}"
652317713,belladoreai/llama-tokenizer-js,https://github.com/belladoreai/llama-tokenizer-js,JavaScript,MIT License,"['javascript', 'llama', 'llm', 'tokenizer']",User,JS tokenizer for LLaMA based LLMs,178,11,2023-06-11T19:10:14Z,2023-07-07T10:15:38Z,"[{'login': 'belladoreai', 'contributions': 13}]","{'JavaScript': 45.156482861400896, 'CSS': 27.765676946004813, 'HTML': 27.077840192594294}"
652357777,KevinWang676/Bark-Voice-Cloning,https://github.com/KevinWang676/Bark-Voice-Cloning,Jupyter Notebook,,[],User,Bark Voice Cloning and Voice Cloning for Chinese Speech,167,26,2023-06-11T22:16:56Z,2023-07-10T09:52:31Z,"[{'login': 'KevinWang676', 'contributions': 99}]","{'Jupyter Notebook': 94.4707300980095, 'Python': 5.486649939653635, 'Dockerfile': 0.042619962336865116}"
652333405,Zeju1997/oft,https://github.com/Zeju1997/oft,Python,MIT License,[],User,"Official implementation of ""Controlling Text-to-Image Diffusion by Orthogonal Finetuning"".",115,4,2023-06-11T20:17:39Z,2023-07-09T08:59:12Z,"[{'login': 'wy1iu', 'contributions': 18}, {'login': 'Zeju1997', 'contributions': 12}, {'login': 'YuxuanSnow', 'contributions': 11}, {'login': 'yfeng95', 'contributions': 4}, {'login': 'YuliangXiu', 'contributions': 1}]","{'Python': 96.78250693595257, 'Shell': 3.217493064047441}"
652342266,berkeley-hipie/HIPIE,https://github.com/berkeley-hipie/HIPIE,Jupyter Notebook,MIT License,[],User,"Code release for ""Hierarchical Open-vocabulary Universal Image Segmentation""",113,7,2023-06-11T20:57:36Z,2023-07-10T06:47:07Z,"[{'login': 'frank-xwang', 'contributions': 9}, {'login': 'jacklishufan', 'contributions': 6}, {'login': 'KKallidromitis', 'contributions': 5}]","{'Jupyter Notebook': 72.984517360208, 'Python': 24.706787556442464, 'Cuda': 1.5922644900180989, 'C++': 0.5972563284382795, 'Shell': 0.11917426489316078}"
652371926,100xDevs-hkirat/Week-1-assignment,https://github.com/100xDevs-hkirat/Week-1-assignment,JavaScript,,[],Organization,,111,706,2023-06-11T23:38:53Z,2023-07-07T14:11:51Z,"[{'login': 'hkirat', 'contributions': 1}]",{'JavaScript': 100.0}
652268954,iamverycute/wugao,https://github.com/iamverycute/wugao,,GNU General Public License v2.0,"['chinese-women', 'false-accusations']",User,整理自清华学姐事件以来自中国女性的诬告事件，虚假指控等。（False accusations by Chinese women）,103,6,2023-06-11T16:09:23Z,2023-07-06T12:42:10Z,"[{'login': 'iamverycute', 'contributions': 13}, {'login': '04bondgoods', 'contributions': 2}]",{}
652320010,yuudi/rclone-webui-angular,https://github.com/yuudi/rclone-webui-angular,TypeScript,MIT License,"['rclone', 'rclone-gui']",User,Another Web GUI for Rclone,102,12,2023-06-11T19:20:10Z,2023-07-09T19:13:45Z,"[{'login': 'yuudi', 'contributions': 67}, {'login': 'github-actions[bot]', 'contributions': 4}]","{'TypeScript': 74.29017500544623, 'HTML': 22.80698569457556, 'SCSS': 2.668046377653523, 'JavaScript': 0.234792922324692}"
652071740,mgdigital/rarbg-selfhosted,https://github.com/mgdigital/rarbg-selfhosted,Go,,"['bittorrent', 'prowlarr', 'radarr', 'rarbg', 'selfhosted', 'servarr', 'sonarr', 'torrent', 'torrents', 'torznab']",User,"A self-hosted Torznab API for the RARBG backup, compatible with Prowlarr, Radarr, Sonarr etc.",95,2,2023-06-11T01:57:20Z,2023-07-09T19:10:03Z,"[{'login': 'mgdigital', 'contributions': 24}]","{'Go': 98.4747265740467, 'Dockerfile': 1.5252734259532958}"
652078366,MMqd/kandinsky-for-automatic1111,https://github.com/MMqd/kandinsky-for-automatic1111,Python,GNU Affero General Public License v3.0,[],User,Automatic1111 extension adding support for Kandinsky 2.1,84,6,2023-06-11T02:39:57Z,2023-07-10T06:26:22Z,"[{'login': 'MMqd', 'contributions': 8}]",{'Python': 100.0}
652350864,fluentstack/twitter-clone,https://github.com/fluentstack/twitter-clone,C#,MIT License,"['dotnet', 'golang', 'nextjs', 'twitter']",Organization,"A Twitter Clone built with .NET 8 Web API, Golang and Next.js 13 🔥",78,9,2023-06-11T21:40:05Z,2023-07-09T15:06:59Z,"[{'login': 'iammukeshm', 'contributions': 15}]","{'C#': 80.66153930370047, 'TypeScript': 8.468359973724546, 'Go': 7.633566892927524, 'Dockerfile': 1.621688197941756, 'JavaScript': 0.8785855047076855, 'CSS': 0.7362601269980293}"
652204798,ChiChou/fruity-frida,https://github.com/ChiChou/fruity-frida,TypeScript,MIT License,[],User,Utilities to deploy frida on rootless iOS and more,76,7,2023-06-11T12:28:44Z,2023-07-03T10:09:01Z,"[{'login': 'ChiChou', 'contributions': 56}]","{'TypeScript': 99.05349100455192, 'JavaScript': 0.9465089954480865}"
652144009,aazooo/zjmf,https://github.com/aazooo/zjmf,,,[],User,魔方财务和魔方云系统开心扩展,72,60,2023-06-11T08:20:55Z,2023-07-09T07:57:56Z,"[{'login': 'No contributors', 'contributions': 0}]",{}
652187067,RishikeshOps/DevOps-Learning-Resources,https://github.com/RishikeshOps/DevOps-Learning-Resources,,Apache License 2.0,[],User,,71,61,2023-06-11T11:19:18Z,2023-07-07T05:19:18Z,"[{'login': 'RishikeshOps', 'contributions': 2}]",{}
652260582,trou/cpu_rec_rs,https://github.com/trou/cpu_rec_rs,Rust,Apache License 2.0,[],User,Determine which CPU architecture is used in a binary file.,71,6,2023-06-11T15:40:47Z,2023-07-06T12:42:41Z,"[{'login': 'trou', 'contributions': 23}]",{'Rust': 100.0}
652134847,qwersyk/Newelle,https://github.com/qwersyk/Newelle,Python,GNU General Public License v3.0,"['adwaita', 'app', 'gnome', 'gtk', 'gtk4', 'linux']",User,Newelle - Your Ultimate Virtual Assistant,65,3,2023-06-11T07:43:48Z,2023-07-10T04:38:29Z,"[{'login': 'qwersyk', 'contributions': 57}, {'login': 'Nokse22', 'contributions': 1}]","{'Python': 96.94721910278386, 'Meson': 3.0527808972161474}"
652196846,PJLab-ADG/DetZero,https://github.com/PJLab-ADG/DetZero,,,[],Organization,DetZero,61,3,2023-06-11T11:58:28Z,2023-07-10T06:16:30Z,"[{'login': 'superkoma', 'contributions': 3}]",{}
652343666,lh3/pangene,https://github.com/lh3/pangene,C,,['bioinformatics'],User,WIP: Constructing a pangenome gene graph,55,1,2023-06-11T21:04:14Z,2023-07-10T09:00:54Z,"[{'login': 'lh3', 'contributions': 93}]","{'C': 92.094074526573, 'Roff': 6.730604764813683, 'Makefile': 1.175320708613317}"
652243774,laisfrigerio/cracking-the-coding-interview-js,https://github.com/laisfrigerio/cracking-the-coding-interview-js,JavaScript,MIT License,"['algorithms-and-data-structures', 'coding', 'coding-interviews', 'cracking-the-coding-interview', 'data-structures', 'data-structures-and-algorithms', 'dsa', 'dsa-algorithm', 'javascript']",User,Cracking the Coding Interview 6th Edition with JavaScript Solutions,54,0,2023-06-11T14:43:21Z,2023-07-06T10:12:12Z,"[{'login': 'laisfrigerio', 'contributions': 23}]","{'JavaScript': 88.0924499229584, 'HTML': 11.907550077041602}"
652080597,us3rT0m/OnlyUP-Trainer,https://github.com/us3rT0m/OnlyUP-Trainer,C++,MIT License,[],User,,51,12,2023-06-11T02:53:07Z,2023-07-07T19:46:43Z,"[{'login': 'us3rT0m', 'contributions': 17}, {'login': 'Edgarflc', 'contributions': 2}, {'login': 'wRadion', 'contributions': 1}]","{'C++': 95.90289185162547, 'CMake': 4.097108148374527}"
652101089,FittenTech/OpenLLaMA-Chinese,https://github.com/FittenTech/OpenLLaMA-Chinese,Python,Apache License 2.0,[],Organization,"OpenLLaMA-Chinese, a permissively licensed open source instruction-following models based on OpenLLaMA ",51,6,2023-06-11T04:55:58Z,2023-07-09T04:30:03Z,"[{'login': 'li-xl', 'contributions': 13}, {'login': 'lzhengning', 'contributions': 1}]",{'Python': 100.0}
652226917,scofield7419/DisNER-PtrNet,https://github.com/scofield7419/DisNER-PtrNet,Python,GNU General Public License v3.0,"['ner', 'nlp']",User,Codes for the AAAI 2021 paper Rethinking Boundaries: End-To-End Recognition of Discontinuous Mentions with Pointer Networks.,50,2,2023-06-11T13:49:02Z,2023-07-05T17:12:43Z,"[{'login': 'scofield7419', 'contributions': 1}]",{'Python': 100.0}
652212462,scofield7419/LAGCN-SRL,https://github.com/scofield7419/LAGCN-SRL,Python,GNU General Public License v3.0,"['nlp', 'srl', 'syntax']",User,Codes for the AAAI 2021 paper: Encoder-Decoder Based Unified Semantic Role Labeling with Label-Aware Syntax,50,2,2023-06-11T12:57:26Z,2023-07-05T17:12:43Z,"[{'login': 'scofield7419', 'contributions': 2}]","{'Python': 99.74602054292787, 'Shell': 0.2539794570721248}"
652219495,Anof-cyber/MobSecco,https://github.com/Anof-cyber/MobSecco,Python,MIT License,"['android', 'apk', 'bug-bounty', 'bugbounty', 'cordova', 'cybersecurity', 'mobile-security', 'penetration-testing', 'pentesting', 'pentesting-tools', 'python']",User,"Cloning apk for bypassing code tampering detection, Google Safety Net and scanning vulnerable plugins ",48,5,2023-06-11T13:22:47Z,2023-07-07T12:11:29Z,"[{'login': 'Anof-cyber', 'contributions': 24}]",{'Python': 100.0}
652159060,Junyi42/sd-dino,https://github.com/Junyi42/sd-dino,Jupyter Notebook,,[],User,"Official Implementation of paper ""A Tale of Two Features: Stable Diffusion Complements DINO for Zero-Shot Semantic Correspondence""",46,3,2023-06-11T09:22:06Z,2023-07-09T22:06:47Z,"[{'login': 'Junyi42', 'contributions': 2}]","{'Jupyter Notebook': 91.5017027634722, 'Python': 8.45691023805312, 'Shell': 0.041386998474688845}"
652296384,universvm/obsidian-pandoc-templates,https://github.com/universvm/obsidian-pandoc-templates,TeX,Other,"['academic', 'academic-paper', 'latex', 'latex-template', 'markdown', 'markdown-to-pdf', 'obsidian', 'obsidian-md', 'pandoc', 'pandoc-template', 'pdf']",User,A repository for pandoc templates. Geared for Obsidian.,41,0,2023-06-11T17:48:07Z,2023-07-07T22:56:10Z,"[{'login': 'universvm', 'contributions': 21}]",{'TeX': 100.0}
652204223,marlaman/DebateTree,https://github.com/marlaman/DebateTree,Python,,[],User,A langchain app to visualise a debate using Tree-of-Thought reasoning,41,5,2023-06-11T12:26:49Z,2023-07-10T05:24:05Z,"[{'login': 'marlaman', 'contributions': 28}]",{'Python': 100.0}
652123918,SociallyIneptWeeb/AniVoiceChanger,https://github.com/SociallyIneptWeeb/AniVoiceChanger,Jupyter Notebook,MIT License,"['ai', 'python', 'rvc', 'voice-changer', 'voicechanger']",User,"An RVC ""extension"" for Voice-Chat",38,3,2023-06-11T06:53:44Z,2023-07-08T23:43:15Z,"[{'login': 'SociallyIneptWeeb', 'contributions': 9}]","{'Jupyter Notebook': 59.817700515787465, 'Python': 40.182299484212535}"
652323035,rrainn/Lemmy-Swift-Client,https://github.com/rrainn/Lemmy-Swift-Client,Swift,MIT License,[],Organization,A Swift client for Lemmy.,37,14,2023-06-11T19:33:41Z,2023-07-08T21:21:41Z,"[{'login': 'fishcharlie', 'contributions': 33}, {'login': 'creekdrops', 'contributions': 2}, {'login': 'ckaik', 'contributions': 2}, {'login': 'mdhiggins', 'contributions': 2}, {'login': 'TheNoim', 'contributions': 2}]","{'Swift': 96.11752056028595, 'JavaScript': 3.8432477986690303, 'Makefile': 0.03923164104501468}"
652248640,Dobiasd/treebomination,https://github.com/Dobiasd/treebomination,Python,MIT License,[],User,convert a scikit-learn decision tree into a Keras model,37,1,2023-06-11T15:00:00Z,2023-06-29T01:48:33Z,"[{'login': 'Dobiasd', 'contributions': 46}, {'login': 'danuker', 'contributions': 1}]",{'Python': 100.0}
652170387,CuriositySoftware/XcodeTargetGraphGen,https://github.com/CuriositySoftware/XcodeTargetGraphGen,Swift,MIT License,"['carthage', 'cocoapods', 'swift', 'swift-package-manager', 'xcode', 'xcodeproj']",Organization,A Swift tool for generating module dependency graphs from your .xcodeproj.,33,0,2023-06-11T10:10:21Z,2023-07-06T20:14:52Z,"[{'login': 'yimajo', 'contributions': 41}]",{'Swift': 100.0}
652074862,lesser-app/tankman,https://github.com/lesser-app/tankman,C#,MIT License,[],Organization,Authorization Server,30,2,2023-06-11T02:17:20Z,2023-07-10T10:31:37Z,"[{'login': 'jeswin', 'contributions': 75}]","{'C#': 98.24293241425937, 'Shell': 1.757067585740636}"
652362524,btholt/complete-intro-to-product-management,https://github.com/btholt/complete-intro-to-product-management,,Other,[],User,"Complete Intro to Product Management, as taught for Frontend Masters",29,0,2023-06-11T22:44:06Z,2023-07-05T01:26:53Z,"[{'login': 'btholt', 'contributions': 1}]",{}
652326518,urazakgul/veri-kaynaklari-python,https://github.com/urazakgul/veri-kaynaklari-python,,,[],User,,29,2,2023-06-11T19:47:58Z,2023-07-09T20:59:19Z,"[{'login': 'urazakgul', 'contributions': 1}]",{}
652269142,womanreading7/PhD-Application-Guide,https://github.com/womanreading7/PhD-Application-Guide,,,[],User,,28,2,2023-06-11T16:10:01Z,2023-07-09T19:51:55Z,"[{'login': 'womanreading7', 'contributions': 23}]",{}
652228113,JoshuaKGoldberg/prettier-plugin-curly,https://github.com/JoshuaKGoldberg/prettier-plugin-curly,TypeScript,MIT License,"['curly', 'formatting', 'prettier', 'prettier-plugin']",User,Prettier plugin to enforce consistent brace style for all control statements.,28,0,2023-06-11T13:52:48Z,2023-07-08T13:47:59Z,"[{'login': 'JoshuaKGoldberg', 'contributions': 24}, {'login': 'renovate[bot]', 'contributions': 20}, {'login': 'allcontributors[bot]', 'contributions': 10}, {'login': 'so1ve', 'contributions': 3}]","{'TypeScript': 63.20350734094616, 'JavaScript': 36.215334420880914, 'Shell': 0.58115823817292}"
652351004,escabora/color-log,https://github.com/escabora/color-log,TypeScript,,"['cli', 'color', 'console-log', 'javascript', 'log', 'terminal']",User,🖍 Package to style the logs of your codes and terminals,27,2,2023-06-11T21:40:45Z,2023-06-20T19:05:49Z,"[{'login': 'escabora', 'contributions': 17}]","{'TypeScript': 60.15625, 'JavaScript': 29.483695652173914, 'HTML': 10.360054347826086}"
652266529,Crossme0809/langchain-tutorials,https://github.com/Crossme0809/langchain-tutorials,Jupyter Notebook,,[],User,,24,6,2023-06-11T16:01:40Z,2023-07-10T09:29:02Z,"[{'login': 'Crossme0809', 'contributions': 35}]","{'Jupyter Notebook': 99.64707655351623, 'Python': 0.352923446483781}"
652304114,charlesfrye/qart-codes,https://github.com/charlesfrye/qart-codes,TypeScript,,[],User,QR Codes that look nice,22,2,2023-06-11T18:16:48Z,2023-07-10T09:26:45Z,"[{'login': 'charlesfrye', 'contributions': 44}, {'login': 'laxels', 'contributions': 24}]","{'TypeScript': 56.40309621791103, 'Python': 34.18577307466196, 'Makefile': 4.262198706643152, 'HTML': 2.807172251616696, 'JavaScript': 1.9057417205565352, 'CSS': 0.4360180286106212}"
652154063,OpencvLZG/CiProxy,https://github.com/OpencvLZG/CiProxy,Go,Apache License 2.0,[],User,"use tcp implement, not http server, base on golang",21,3,2023-06-11T09:00:23Z,2023-07-09T09:29:08Z,"[{'login': 'OpencvLZG', 'contributions': 29}]",{'Go': 100.0}
652299255,ando818/lemmy-ui-svelte,https://github.com/ando818/lemmy-ui-svelte,Svelte,Apache License 2.0,"['capacitor', 'fediverse', 'lemmy', 'svelte', 'sveltekit']",User,A UI for Lemmy written in Svelte ,21,1,2023-06-11T17:59:27Z,2023-07-06T16:29:23Z,"[{'login': 'ando818', 'contributions': 57}, {'login': 'arne', 'contributions': 1}]","{'Svelte': 60.66542496884589, 'JavaScript': 21.109756260970936, 'CSS': 16.48822843666671, 'TypeScript': 1.295742941751866, 'HTML': 0.44084739176459553}"
652352385,ImAyrix/dorker,https://github.com/ImAyrix/dorker,HTML,MIT License,[],User,🔎 Dork Generator,21,2,2023-06-11T21:47:55Z,2023-06-30T19:02:33Z,"[{'login': 'ImAyrix', 'contributions': 6}]","{'HTML': 80.60631126025743, 'SCSS': 13.440502871796115, 'CSS': 5.480978851370771, 'JavaScript': 0.47220701657567704}"
652207234,kdrkdrkdr/RVC-VITS,https://github.com/kdrkdrkdr/RVC-VITS,Python,MIT License,[],User,Few-shot multilingual tts with RVC and Vits,20,2,2023-06-11T12:38:33Z,2023-06-30T04:29:25Z,"[{'login': 'kdrkdrkdr', 'contributions': 11}]","{'Python': 90.1776053290052, 'Jupyter Notebook': 7.454605396632178, 'Batchfile': 2.233662451252226, 'Shell': 0.11116183133833774, 'Dockerfile': 0.022964991772052027}"
652286802,kymani37299/RenderNodes,https://github.com/kymani37299/RenderNodes,C++,MIT License,[],User,Node editor for rendering engine made with OpenGL,20,0,2023-06-11T17:11:44Z,2023-06-30T18:31:56Z,"[{'login': 'kymani37299', 'contributions': 18}]","{'C++': 99.04396005087021, 'GLSL': 0.549611803313679, 'C': 0.4064281458161024}"
652352708,CursedLand/Dekompiler,https://github.com/CursedLand/Dekompiler,C#,MIT License,[],User,[WIP] Dekompiler is .NET decompiler that converts Cil to C# code.,20,3,2023-06-11T21:49:29Z,2023-07-04T16:59:40Z,"[{'login': 'CursedLand', 'contributions': 13}]","{'C#': 92.7767084549257, 'HTML': 5.851108865846706, 'CSS': 1.372182679227604}"
652280195,licht1stein/babashka.el,https://github.com/licht1stein/babashka.el,Emacs Lisp,GNU General Public License v3.0,"['babashka', 'emacs']",User,Babashka Tasks for Emacs,19,2,2023-06-11T16:48:32Z,2023-06-27T09:25:20Z,"[{'login': 'licht1stein', 'contributions': 28}, {'login': 'olavfosse', 'contributions': 2}]",{'Emacs Lisp': 100.0}
652188620,erikfinkel/Spoly-nft-erc721-polygon,https://github.com/erikfinkel/Spoly-nft-erc721-polygon,TypeScript,,"['blockchain', 'erc721', 'javascript', 'nft', 'polygon', 'react', 'smart-contracts', 'solidity', 'tailwindcss', 'typescript']",User,Erc 721 NFT minting dapp website on Polygon chain,18,0,2023-06-11T11:25:40Z,2023-06-15T06:57:32Z,"[{'login': 'erikfinkel', 'contributions': 1}]","{'TypeScript': 84.09191451711699, 'SCSS': 6.5184101272714905, 'Solidity': 4.495337916014429, 'JavaScript': 4.454502143878037, 'HTML': 0.4398352957190499}"
652371614,EricLBuehler/trc,https://github.com/EricLBuehler/trc,Rust,MIT License,"['reference-counting', 'rust', 'smart-pointers']",User,Trc is a biased reference-counted smart pointer.,17,2,2023-06-11T23:36:55Z,2023-07-09T20:48:04Z,"[{'login': 'EricLBuehler', 'contributions': 91}, {'login': 'sigaloid', 'contributions': 1}]","{'Rust': 99.22232853565684, 'Python': 0.7776714643431526}"
652259556,csaye/interning.dev,https://github.com/csaye/interning.dev,TypeScript,,[],User,Open source dashboard to track PittCSC internship applications!,17,3,2023-06-11T15:37:11Z,2023-07-02T09:20:30Z,"[{'login': 'csaye', 'contributions': 45}, {'login': 'mcgrath-a', 'contributions': 1}, {'login': 'juebenjamin', 'contributions': 1}, {'login': 'danetsao', 'contributions': 1}]","{'TypeScript': 76.24293583231992, 'SCSS': 22.912940839831176, 'JavaScript': 0.8441233278489162}"
652231386,W01fh4cker/javaVersionManager,https://github.com/W01fh4cker/javaVersionManager,Shell,,"['java-version-manager', 'linux', 'script']",User,"A script for installing and switching multiple java versions on Linux x86_64, suitable for code audit workers.",17,0,2023-06-11T14:03:50Z,2023-06-13T13:29:49Z,"[{'login': 'W01fh4cker', 'contributions': 4}]",{'Shell': 100.0}
652069509,pedroaraujo20/create-design-system,https://github.com/pedroaraujo20/create-design-system,TypeScript,,[],User,"This is a design system starter from scratch using TypeScript, TurboRepo, StoryBook, Stitches, Changeset, Eslint, Github Actions, Workflows. It has all that you need to create your own design system, with release, CI/CD ready.",17,0,2023-06-11T01:42:02Z,2023-06-20T23:08:34Z,"[{'login': 'pedroaraujo20', 'contributions': 1}]","{'TypeScript': 86.5696770851321, 'JavaScript': 9.955102745639786, 'CSS': 2.227594543256778, 'HTML': 1.2476256259713348}"
652276069,ygkn/storybook-opener,https://github.com/ygkn/storybook-opener,TypeScript,MIT License,"['storybook', 'vscode', 'vscode-extension']",User,A Visual Studio Code extension for effortless Storybook opening.,17,1,2023-06-11T16:33:54Z,2023-07-06T08:00:08Z,"[{'login': 'ygkn', 'contributions': 59}, {'login': 'hayato-osh', 'contributions': 2}]","{'TypeScript': 92.67441860465117, 'JavaScript': 7.325581395348838}"
652155035,blynkkk/BlynkNcpExample,https://github.com/blynkkk/BlynkNcpExample,Python,The Unlicense,[],User,Example IoT application using Blynk.NCP,17,2,2023-06-11T09:04:42Z,2023-07-06T14:25:32Z,"[{'login': 'vshymanskyy', 'contributions': 175}, {'login': 'blynkkk', 'contributions': 2}, {'login': 'maxgerhardt', 'contributions': 1}]","{'Python': 52.69182817635725, 'C++': 32.59095545732744, 'C': 14.717216366315311}"
652056580,jacobsimon/prompting,https://github.com/jacobsimon/prompting,TypeScript,MIT License,"['ai', 'gpt', 'javascript', 'llm', 'prompt-engineering', 'typescript']",User,"A batteries-included, model-agnostic prompt engineering library for Node.js and TypeScript.",16,0,2023-06-11T00:15:48Z,2023-06-25T15:44:36Z,"[{'login': 'jacobsimon', 'contributions': 10}]","{'TypeScript': 99.07505285412263, 'JavaScript': 0.9249471458773785}"
652114003,jellydn/gpt4free-demo,https://github.com/jellydn/gpt4free-demo,TypeScript,,"['gpt', 'gpt4free', 'raycast-extension']",User,A slow guide on setting up a free OpenAI GPT-4 API on your local machine.,16,3,2023-06-11T06:05:38Z,2023-07-07T03:07:13Z,"[{'login': 'renovate[bot]', 'contributions': 18}, {'login': 'jellydn', 'contributions': 10}]",{'TypeScript': 100.0}
652227189,o-ifeanyi/compose_doc_shredder,https://github.com/o-ifeanyi/compose_doc_shredder,Kotlin,,[],User,,16,9,2023-06-11T13:49:54Z,2023-07-04T05:47:03Z,"[{'login': 'o-ifeanyi', 'contributions': 2}]",{'Kotlin': 100.0}
652178418,Alphish/gm-community-toolbox,https://github.com/Alphish/gm-community-toolbox,Game Maker Language,MIT License,[],User,A collection of utility functions for GameMaker.,16,5,2023-06-11T10:43:44Z,2023-07-10T00:37:16Z,"[{'login': 'Alphish', 'contributions': 29}, {'login': 'dicksonlaw583', 'contributions': 10}, {'login': 'devKathy', 'contributions': 2}]",{'Game Maker Language': 100.0}
652152908,PB2204/space-craft,https://github.com/PB2204/space-craft,JavaScript,,[],User,,16,0,2023-06-11T08:55:34Z,2023-07-07T13:34:02Z,"[{'login': 'PB2204', 'contributions': 16}]","{'JavaScript': 99.60288020946977, 'HTML': 0.25411638328941405, 'CSS': 0.14300340724080632}"
652168756,flysoaryun/LF-PGVIO,https://github.com/flysoaryun/LF-PGVIO,,,['slam'],User,,16,0,2023-06-11T10:03:16Z,2023-07-05T11:02:19Z,"[{'login': 'flysoaryun', 'contributions': 11}, {'login': 'elnino9ykl', 'contributions': 1}]",{}
652177571,devanshbatham/autoreport,https://github.com/devanshbatham/autoreport,Python,,[],User,Autoreport is bug report template generator script that helps security researchers participating in bug bounty programs to generate bug report templates for potential security vulnerabilities.,16,2,2023-06-11T10:40:16Z,2023-06-15T14:01:57Z,"[{'login': 'devanshbatham', 'contributions': 3}]",{'Python': 100.0}
652105048,akjroller/Diablo-4-XP-and-gold-per-hour,https://github.com/akjroller/Diablo-4-XP-and-gold-per-hour,Python,MIT License,['diablo4'],User,A program that watches Diablo 4 and can tell you how much gold and xp you gain per hour,15,1,2023-06-11T05:18:32Z,2023-07-07T10:04:19Z,"[{'login': 'akjroller', 'contributions': 24}]",{'Python': 100.0}
652056201,ortegaalfredo/neuroengine,https://github.com/ortegaalfredo/neuroengine,Python,"BSD 2-Clause ""Simplified"" License",[],User,Neuroengine is a service to share LLMs in the form of a webchat and API.,15,2,2023-06-11T00:13:14Z,2023-06-22T17:16:07Z,"[{'login': 'ortegaalfredo', 'contributions': 9}]",{'Python': 100.0}
652121919,amit9838/weather,https://github.com/amit9838/weather,Python,GNU General Public License v3.0,"['gnome', 'gtk4', 'libadwaita', 'python', 'utility', 'weather']",User,"Beautiful and lightweight weather app build using Gtk4, Libadwaita and Python.",15,5,2023-06-11T06:43:47Z,2023-07-10T08:38:23Z,"[{'login': 'sabriunal', 'contributions': 15}, {'login': 'amit9838', 'contributions': 9}, {'login': 'soumyaDghosh', 'contributions': 7}, {'login': 'vorons', 'contributions': 5}, {'login': 'GabsEdits', 'contributions': 2}]","{'Python': 95.5054033402467, 'Meson': 4.494596659753302}"
652370813,whitehorse21/nextjs-chatgpt-demo,https://github.com/whitehorse21/nextjs-chatgpt-demo,TypeScript,,"['chatgpt', 'nextjs', 'tailwindcss', 'typescript']",User,ChatGPT demo built with Next.js + Tailwind CSS + Typescript,15,3,2023-06-11T23:31:53Z,2023-06-23T22:40:26Z,"[{'login': 'whitehorse21', 'contributions': 3}]","{'TypeScript': 59.63776786685522, 'CSS': 37.57750462308278, 'JavaScript': 2.784727510062004}"
652112030,buhe/langchain-swift,https://github.com/buhe/langchain-swift,Swift,Apache License 2.0,"['ios', 'langchain', 'macos', 'swift']",User,🚀 Add AI features to iOS/mac apps.,15,0,2023-06-11T05:55:45Z,2023-07-09T11:37:11Z,"[{'login': 'buhe', 'contributions': 102}]","{'Swift': 99.44420518904337, 'PLpgSQL': 0.5557948109566333}"
652272064,EliaTolin/flutter-template-starter-app,https://github.com/EliaTolin/flutter-template-starter-app,Dart,MIT License,[],User,"Template for an initial flutter app with dio, provider and l10n.",15,0,2023-06-11T16:20:04Z,2023-07-03T03:37:27Z,"[{'login': 'EliaTolin', 'contributions': 12}]","{'Dart': 91.46662653322296, 'Ruby': 5.320189630521484, 'Swift': 2.59236962901648, 'Kotlin': 0.47783881405673867, 'Objective-C': 0.14297539318233124}"
652064993,juborajnaofel/tweetnow,https://github.com/juborajnaofel/tweetnow,PHP,MIT License,"['inertia', 'inertiajs', 'laravel', 'laravel10', 'mysql', 'tailwind-css', 'vue3', 'vuejs']",User,"TweetNow is a Twitter clone created with Vue.js and Laravel. It is a social media platform that allows users to post short messages, follow other users, and engage in conversations through comments and likes.",14,2,2023-06-11T01:12:29Z,2023-07-10T08:39:14Z,"[{'login': 'juborajnaofel', 'contributions': 52}, {'login': 'naofel-codeshaper', 'contributions': 1}]","{'PHP': 53.548090017537156, 'Vue': 30.58470250516807, 'Blade': 14.368221497222466, 'JavaScript': 1.470083962809472, 'CSS': 0.028902017262832008}"
652273076,chunsenye/mev-bot-fraud,https://github.com/chunsenye/mev-bot-fraud,,,"['jaredfromsubway', 'jaredfromsubway-mev-bot', 'mev', 'mev-bot', 'mevbot', 'mevbot-contract', 'mevbot-source-code']",User,"Be careful for the fake mev-bot codes , watch your wallet",14,0,2023-06-11T16:23:22Z,2023-07-06T09:57:56Z,"[{'login': 'chunsenye', 'contributions': 9}]",{}
652358589,dziobaczy/SwiftBuilderMacro,https://github.com/dziobaczy/SwiftBuilderMacro,Swift,MIT License,[],User,Reduce boilerplate by generating Builders for your Models using swift macros.,14,0,2023-06-11T22:21:10Z,2023-06-21T13:57:57Z,"[{'login': 'dziobaczy', 'contributions': 15}]",{'Swift': 100.0}
652291040,ipenywis/nestjs-solid,https://github.com/ipenywis/nestjs-solid,TypeScript,,[],User,Nest.js & Typescript SOLID Principles for writing clean-code,14,4,2023-06-11T17:27:48Z,2023-07-04T13:40:16Z,"[{'login': 'ipenywis', 'contributions': 8}]","{'TypeScript': 97.09325266342233, 'JavaScript': 2.9067473365776664}"
652264674,n00bzUnit3d/n00bzCTF2023-OfficalWriteups,https://github.com/n00bzUnit3d/n00bzCTF2023-OfficalWriteups,CSS,,[],Organization,Offical Writeups for n00bzCTF2023,14,2,2023-06-11T15:55:24Z,2023-07-03T16:40:46Z,"[{'login': 'NoobMaster9999', 'contributions': 2}]","{'CSS': 26.692957052190526, 'Python': 16.584509211904617, 'Dockerfile': 12.443773491897222, 'Brainfuck': 12.364696941688747, 'C': 11.950828763324912, 'HTML': 10.420646168381703, 'Java': 5.168730872717563, 'Rust': 1.4973196130383881, 'Solidity': 0.9674040298231561, 'Assembly': 0.648016924435681, 'Makefile': 0.6110460697927579, 'Shell': 0.36662764187565466, 'JavaScript': 0.2834432189290776}"
652105204,Kern-steins/sd_mj,https://github.com/Kern-steins/sd_mj,Python,MIT License,[],User,"Base on chatgpt-on-wechat, use chatgpt and stable diffusion or midjourney, plugin ",13,6,2023-06-11T05:19:29Z,2023-07-08T03:59:13Z,"[{'login': 'Kern-steins', 'contributions': 16}]",{'Python': 100.0}
652292784,dantmnf/PseudoDCDimming,https://github.com/dantmnf/PseudoDCDimming,Java,Mozilla Public License 2.0,[],User,,13,1,2023-06-11T17:34:23Z,2023-07-10T06:44:29Z,"[{'login': 'dantmnf', 'contributions': 20}]","{'Java': 97.2748720409469, 'AIDL': 2.7251279590531032}"
652151949,r3nko/Novis,https://github.com/r3nko/Novis,Python,,[],User,Discord token logger.,13,3,2023-06-11T08:51:35Z,2023-07-07T13:32:24Z,"[{'login': 'r3nko', 'contributions': 39}]","{'Python': 98.2520509543637, 'Batchfile': 1.7479490456363111}"
652145358,shaanaliyev/tech-stack,https://github.com/shaanaliyev/tech-stack,,,"['algorithms', 'data-structures', 'developer-documentation', 'documentation', 'git', 'guidebook', 'guidelines', 'handbook', 'learn-to-code', 'linux', 'technology', 'techstack']",User,Underrated Developer Handbook,13,0,2023-06-11T08:24:57Z,2023-07-07T19:39:22Z,"[{'login': 'shaanaliyev', 'contributions': 70}]",{}
652174607,rsxdalv/musicgen-prompts,https://github.com/rsxdalv/musicgen-prompts,TypeScript,MIT License,"['ai', 'audio-generation', 'generator', 'machine-learning', 'musicgen']",User,Site for sharing MusicGen Prompts and Creations,13,1,2023-06-11T10:27:47Z,2023-07-04T13:21:56Z,"[{'login': 'rsxdalv', 'contributions': 45}]","{'TypeScript': 91.057852772112, 'JavaScript': 6.5524754311144076, 'CSS': 1.2469868347858335, 'PowerShell': 0.5817726682736881, 'Shell': 0.5609122937140738}"
652220874,ankush/rq_orchestrator,https://github.com/ankush/rq_orchestrator,Python,Other,[],User,RQ Worker Autoscaler,13,0,2023-06-11T13:27:48Z,2023-06-26T14:06:58Z,"[{'login': 'ankush', 'contributions': 7}]",{'Python': 100.0}
652309563,marse11e/GitHub-Awards,https://github.com/marse11e/GitHub-Awards,,,[],User,,13,3,2023-06-11T18:37:56Z,2023-06-22T19:17:21Z,"[{'login': 'marse11e', 'contributions': 6}, {'login': 'marse11ie', 'contributions': 2}, {'login': 'Allabergen777', 'contributions': 1}, {'login': 'Oscardkyou', 'contributions': 1}]",{}
652223463,keyaki-fes/Festival-Monitor,https://github.com/keyaki-fes/Festival-Monitor,TypeScript,,[],Organization,文化祭の運営を支援するソフトウェア,13,1,2023-06-11T13:36:43Z,2023-06-26T14:14:28Z,"[{'login': 'eno1220', 'contributions': 52}]","{'TypeScript': 98.33980083568572, 'JavaScript': 1.3451411802384907, 'Shell': 0.19067338988984142, 'CSS': 0.12438459418595124}"
652338156,Asabeneh/git-github-lesson,https://github.com/Asabeneh/git-github-lesson,,,[],User,,13,1,2023-06-11T20:38:17Z,2023-07-09T00:46:50Z,"[{'login': 'Asabeneh', 'contributions': 6}]",{}
652147990,ViiAyil/daily60s,https://github.com/ViiAyil/daily60s,Python,MIT License,"['news', 'pushplus', 'python']",User,"automatically push the news of ""reading the world in 60 seconds a day"" every day. 每天60秒读懂世界新闻推送",12,11,2023-06-11T08:34:47Z,2023-07-01T00:47:14Z,"[{'login': 'No contributors', 'contributions': 0}]",{'Python': 100.0}
652184700,subrose/vault,https://github.com/subrose/vault,Go,MIT License,"['ccpa', 'data-privacy', 'encryption', 'gdpr', 'hipaa', 'pci', 'pci-dss', 'privacy', 'privacy-by-default', 'privacy-by-design', 'privacy-engineering', 'security', 'subrose']",Organization,"🌹 Subrose is an open-source, data privacy vault to store and manage PII in a fully compliant manner.",12,0,2023-06-11T11:09:31Z,2023-06-21T06:15:08Z,"[{'login': 'subroseio', 'contributions': 22}, {'login': 'PacoNelos', 'contributions': 3}]","{'Go': 77.81888825113693, 'Python': 13.132588635259834, 'JavaScript': 3.865071305576405, 'TypeScript': 3.2637202525497817, 'CSS': 1.3642986445317675, 'Dockerfile': 0.5554329109452956}"
652061241,ekscrypto/SwiftWUID,https://github.com/ekscrypto/SwiftWUID,Swift,MIT License,[],User,Swift implementation of WUID,12,0,2023-06-11T00:46:57Z,2023-06-30T08:23:36Z,"[{'login': 'ekscrypto', 'contributions': 7}]",{'Swift': 100.0}
652154549,ahmedbesbes/media-agent,https://github.com/ahmedbesbes/media-agent,Python,,"['langchain', 'large-language-models', 'llms', 'nlp', 'nlproc', 'python', 'tweepy']",User,Scrape data from social media and chat with it using Langchain,12,4,2023-06-11T09:02:35Z,2023-07-09T12:32:54Z,"[{'login': 'ahmedbesbes', 'contributions': 40}, {'login': 'syltruong', 'contributions': 3}, {'login': 'ahmedbesbes-servier', 'contributions': 1}]","{'Python': 99.82622831357381, 'Makefile': 0.1737716864261891}"
652330456,cj-holmes/split-polygon-art,https://github.com/cj-holmes/split-polygon-art,,,[],User,Documenting code to recreate art,12,3,2023-06-11T20:04:56Z,2023-07-01T12:01:09Z,"[{'login': 'cj-holmes', 'contributions': 1}]",{}
652157820,HarryDoan/ReactNative_Bubble_Notify_Android_NativeModule,https://github.com/HarryDoan/ReactNative_Bubble_Notify_Android_NativeModule,Java,,[],User,For React Native version 0.72.0-rc.5,12,9,2023-06-11T09:16:44Z,2023-06-16T08:18:57Z,"[{'login': 'HarryDoan', 'contributions': 10}]","{'Java': 73.83558074392548, 'Ruby': 7.602110611686536, 'Objective-C': 7.494625757279656, 'TypeScript': 4.823789981108723, 'Objective-C++': 3.709856035437431, 'JavaScript': 2.5340368705621783}"
652138896,ganlvtech/obs-uv-mapper,https://github.com/ganlvtech/obs-uv-mapper,Rust,GNU General Public License v2.0,"['bilibili', 'bilibili-live', 'obs-studio', 'obs-studio-plugin', 'shader', 'webgl', 'webgl2']",User,一种基于 UV 映射贴图的高清 OBS 直播解决方案,12,1,2023-06-11T08:02:39Z,2023-07-10T05:57:57Z,"[{'login': 'ganlvtech', 'contributions': 6}]","{'Rust': 98.32039576491835, 'JavaScript': 1.6796042350816502}"
652221892,DIG-Kaust/GenModelling,https://github.com/DIG-Kaust/GenModelling,Jupyter Notebook,,[],Organization,Teaching material for Generative modelling lectures in AI Summer School @ KAUST,11,5,2023-06-11T13:31:17Z,2023-07-06T10:01:53Z,"[{'login': 'Sakhaa-Alsaedi', 'contributions': 27}, {'login': 'khusrave', 'contributions': 13}, {'login': 'nurmaton', 'contributions': 11}, {'login': 'NickLuiken', 'contributions': 11}, {'login': 'SaraAlthubaiti', 'contributions': 9}]","{'Jupyter Notebook': 99.96860514947564, 'Python': 0.027434078015303377, 'Shell': 0.003960772509070169}"
652284675,devcode25/aulaJS-DOM,https://github.com/devcode25/aulaJS-DOM,JavaScript,,[],User,,11,25,2023-06-11T17:04:00Z,2023-06-16T19:09:05Z,"[{'login': 'devcode25', 'contributions': 6}]","{'JavaScript': 50.03498950314905, 'HTML': 41.84744576627012, 'CSS': 8.117564730580826}"
652250795,Gagravarr/BBuzz23-LaptopML,https://github.com/Gagravarr/BBuzz23-LaptopML,Python,,[],User,"Berlin Buzzwords 2023 - Laptop-sized ML for Text, with Open Source - Code",11,0,2023-06-11T15:07:04Z,2023-06-29T18:56:03Z,"[{'login': 'Gagravarr', 'contributions': 20}]",{'Python': 100.0}
652222849,Duguce/Mini-ChatPDF,https://github.com/Duguce/Mini-ChatPDF,Python,MIT License,"['chatpdf', 'gpt-3', 'openai', 'python3']",User,🛸 This project is based on GPT3.5-turbo and can answer user's questions based on the PDF text files provided by the user.,11,2,2023-06-11T13:34:42Z,2023-07-07T18:26:20Z,"[{'login': 'Duguce', 'contributions': 9}, {'login': 'kywch', 'contributions': 6}, {'login': 'othmanelhoufi', 'contributions': 2}]","{'Python': 98.06363724822418, 'Shell': 1.9363627517758102}"
652329713,devanshbatham/Everything-About-DNS,https://github.com/devanshbatham/Everything-About-DNS,,,['dns'],User,DNS Explained : This repo aims to explain the basics of DNS at different levels of complexity for readers with various technical backgrounds.,11,0,2023-06-11T20:01:45Z,2023-06-24T06:14:40Z,"[{'login': 'devanshbatham', 'contributions': 15}]",{}
652186973,XRobots/ATAT,https://github.com/XRobots/ATAT,C++,MIT License,[],User,,11,3,2023-06-11T11:18:56Z,2023-06-27T04:53:28Z,"[{'login': 'XRobots', 'contributions': 2}]",{'C++': 100.0}
652179629,arihantparsoya/chatgpt-cloud-service,https://github.com/arihantparsoya/chatgpt-cloud-service,TypeScript,Apache License 2.0,"['api', 'api-rest', 'artificial-intelligence', 'backend-service', 'chatgpt', 'gpt-3', 'gpt-4', 'microservice', 'nodejs', 'openai']",User,Cloud service to easily add ChatGPT into your app without exposing your API key,11,1,2023-06-11T10:48:51Z,2023-06-22T09:30:31Z,"[{'login': 'arihantparsoya', 'contributions': 23}]",{'TypeScript': 100.0}
652079620,lewangdev/Alacritty.icns,https://github.com/lewangdev/Alacritty.icns,,MIT License,[],User,一组 Alacritty 图标,11,0,2023-06-11T02:47:32Z,2023-06-24T08:15:29Z,"[{'login': 'lewangdev', 'contributions': 8}]",{}
652335904,herkobi/panel,https://github.com/herkobi/panel,Blade,MIT License,"['laravel', 'laravel-fortify', 'spatie-laravel-permission']",Organization,Laravel fortify ve spatie permissions eklentileri üzerine geliştirilmiş kullanıma hazır panel,10,0,2023-06-11T20:28:28Z,2023-06-28T22:40:48Z,"[{'login': 'bulentsakarya', 'contributions': 100}]","{'Blade': 50.01548322852638, 'PHP': 46.49340293027689, 'CSS': 2.975006223650682, 'JavaScript': 0.48756990222290586, 'SCSS': 0.02853771532313397}"
652077825,HappyDream0317/myportfolio,https://github.com/HappyDream0317/myportfolio,JavaScript,,[],User,,10,0,2023-06-11T02:36:34Z,2023-06-15T14:38:28Z,"[{'login': 'HappyDream0317', 'contributions': 4}]","{'JavaScript': 77.3188252314607, 'HTML': 12.868461392102873, 'CSS': 9.487106768094142, 'GLSL': 0.3256066083422782}"
652350914,joshenx/concertcougher,https://github.com/joshenx/concertcougher,JavaScript,MIT License,[],User,relive every soloist's and audience member's biggest pet peeve over and over again,10,0,2023-06-11T21:40:17Z,2023-07-07T04:02:48Z,"[{'login': 'joshenx', 'contributions': 30}]","{'JavaScript': 90.93784211166525, 'CSS': 8.016056440822284, 'HTML': 1.0461014475124681}"
652183849,Minecraft-Malware-Prevention-Alliance/working-groups,https://github.com/Minecraft-Malware-Prevention-Alliance/working-groups,,Creative Commons Attribution Share Alike 4.0 International,[],Organization,"Working group documentation for ideas, nothing is finalized unless specified",10,8,2023-06-11T11:06:19Z,2023-06-21T11:11:10Z,"[{'login': 'xyzeva', 'contributions': 8}, {'login': 'RayBytes', 'contributions': 2}]",{}
652119901,Joshua-Ashton/frog_utf,https://github.com/Joshua-Ashton/frog_utf,C,Other,[],User,Single file C header for UTF-x-to-y conversions + helpers,10,1,2023-06-11T06:34:26Z,2023-07-07T08:53:30Z,"[{'login': 'Joshua-Ashton', 'contributions': 1}]","{'C': 93.23954669792887, 'Shell': 6.760453302071122}"
652211266,llamii/todo-react,https://github.com/llamii/todo-react,TypeScript,,[],User,,10,4,2023-06-11T12:53:17Z,2023-07-08T11:19:51Z,"[{'login': 'llamii', 'contributions': 23}]","{'TypeScript': 94.36788496105453, 'JavaScript': 3.6821177624053596, 'HTML': 1.9499972765401168}"
652340321,morgenm/basicgopot,https://github.com/morgenm/basicgopot,Go,GNU General Public License v3.0,"['cybersecurity', 'deception', 'defense', 'detection', 'golang', 'honeypot', 'http', 'malware-analysis', 'network-security', 'security']",User,Honeypot for file uploads. Written in Go.,10,0,2023-06-11T20:48:29Z,2023-06-30T23:45:42Z,"[{'login': 'morgenm', 'contributions': 189}]","{'Go': 72.01815181518153, 'HTML': 21.16996699669967, 'CSS': 5.68976897689769, 'Makefile': 0.6468646864686469, 'Dockerfile': 0.4752475247524752}"
652207493,saas-laravel/laravel-coding,https://github.com/saas-laravel/laravel-coding,PHP,,[],Organization,,10,2,2023-06-11T12:39:37Z,2023-06-27T23:52:09Z,"[{'login': 'przemyslaw-przylucki', 'contributions': 5}]","{'PHP': 99.75856828901583, 'Dockerfile': 0.21759455739801364, 'Shell': 0.023837153586162854}"
652070402,501351981/v-focus-next,https://github.com/501351981/v-focus-next,JavaScript,MIT License,[],User,"vue表单指令，用于在表单中输入回车后，自动聚焦下一个表单元素。""v-focus-next"" is a Vue directive used to automatically focus on the next form element in response to the user pressing the enter key while entering data in a form.",10,1,2023-06-11T01:48:21Z,2023-07-08T08:43:47Z,"[{'login': '501351981', 'contributions': 9}]","{'JavaScript': 52.68980998957748, 'Vue': 44.335765252946366, 'HTML': 2.9744247574761484}"
652357612,iamkurtgoz/cryptocurrencyapi,https://github.com/iamkurtgoz/cryptocurrencyapi,Kotlin,,[],User,,10,0,2023-06-11T22:15:54Z,2023-06-28T06:07:19Z,"[{'login': 'iamkurtgoz', 'contributions': 7}]","{'Kotlin': 60.1502002959015, 'HTML': 39.30442958207517, 'CMake': 0.47701860487920245, 'C++': 0.06835151714411787}"
652122186,artist3yehe/anime-character-chinese-dataset,https://github.com/artist3yehe/anime-character-chinese-dataset,Python,,[],User,二次元角色中文语料库,10,1,2023-06-11T06:45:09Z,2023-07-09T02:22:42Z,"[{'login': 'DEV3YeHe', 'contributions': 2}, {'login': 'artist3yehe', 'contributions': 2}]","{'Python': 97.89719626168224, 'Batchfile': 2.102803738317757}"
652329707,TheLime1/Validity,https://github.com/TheLime1/Validity,Python,,"['online-proxy', 'poe', 'proxy', 'proxy-checker', 'proxy-list']",User,A validator and exporter for proxies and tokens of different services.,10,0,2023-06-11T20:01:44Z,2023-07-09T05:21:14Z,"[{'login': 'actions-user', 'contributions': 81}, {'login': 'TheLime1', 'contributions': 39}, {'login': 'dependabot[bot]', 'contributions': 1}]","{'Python': 94.71484025082114, 'Shell': 5.28515974917886}"
652281475,crystal-jewel/Flutter-eShop,https://github.com/crystal-jewel/Flutter-eShop,Dart,MIT License,[],User,,10,1,2023-06-11T16:52:27Z,2023-07-04T01:01:58Z,"[{'login': 'crystal-jewel', 'contributions': 12}, {'login': 'tejasbadone', 'contributions': 4}]","{'Dart': 98.32387449642721, 'Swift': 1.187990707795454, 'Kotlin': 0.37639309553915373, 'Objective-C': 0.11174170023818626}"
652078193,OpenGVLab/MovieMind,https://github.com/OpenGVLab/MovieMind,,,[],Organization,,10,0,2023-06-11T02:38:54Z,2023-06-27T12:37:24Z,"[{'login': 'Richard-61', 'contributions': 3}]",{}
652346412,Luo-Yihao/Torch3d_Curvature,https://github.com/Luo-Yihao/Torch3d_Curvature,Jupyter Notebook,,[],User,Geometrical codes about curvatures for Pytorch3d,10,1,2023-06-11T21:17:03Z,2023-07-04T12:49:46Z,"[{'login': 'Luo-Yihao', 'contributions': 5}]","{'Jupyter Notebook': 97.3125321664386, 'Python': 2.687467833561395}"
652322956,SocialLinks-IO/interpol-notices-maltego,https://github.com/SocialLinks-IO/interpol-notices-maltego,Python,MIT License,"['interpol', 'maltego', 'osint']",Organization,"A list of transforms for searching Red, Yellow, and UNSC notices by Name or Phrase.",10,1,2023-06-11T19:33:24Z,2023-07-07T12:20:23Z,"[{'login': 'soxoj', 'contributions': 12}]",{'Python': 100.0}
652205674,kaf-lamed-beyt/react-tab,https://github.com/kaf-lamed-beyt/react-tab,TypeScript,MIT License,"['nextjs', 'react', 'state-management', 'tabs', 'tabs-widget']",User,Tab component states in the browser's URL.,9,0,2023-06-11T12:32:13Z,2023-07-10T02:24:57Z,"[{'login': 'kaf-lamed-beyt', 'contributions': 16}]","{'TypeScript': 86.91511387163561, 'JavaScript': 13.08488612836439}"
652274057,aminblm/awesome-52WeeksOfAI-aminblm,https://github.com/aminblm/awesome-52WeeksOfAI-aminblm,,,"['52weeksofai', 'ai', 'buildinpublic', 'challenge', 'chatgpt', 'hustlegpt', 'productpreneur', 'productpreneurship', 'solopreneur', 'solopreneurship', 'startups', 'transcendai', 'ventures']",User,List of @aminblm products for the #52WeeksOfAI Challenges,9,3,2023-06-11T16:26:35Z,2023-06-21T10:20:57Z,"[{'login': 'aminblm', 'contributions': 10}]",{}
652102117,BoltzmannEntropy/QonFusion,https://github.com/BoltzmannEntropy/QonFusion,Jupyter Notebook,Other,"['ai', 'convolutional-neural-networks', 'deep-learning', 'entanglement', 'kaggle', 'kaggle-competition', 'pennylane', 'python', 'pytorch', 'qml', 'quantum', 'quantum-autoencoer', 'quantum-computing', 'quantum-machine-learning', 'quanvolutional', 'quanvolutional-neural-networks', 'stable-diffusion', 'superposition']",User,"Although a full diffusion model comprises several components, this research focuses solely on the quantum versions of the corruptor and the detector: one quantum ansatz circuit that methodically infuses Gaussian noise into the training data, and another distinct quantum ansatz circuit purposed to detect this noise.",9,3,2023-06-11T05:02:35Z,2023-07-07T11:16:11Z,"[{'login': 'BoltzmannEntropy', 'contributions': 63}]","{'Jupyter Notebook': 99.66100364150282, 'Python': 0.3318791070502955, 'CSS': 0.007117251446895781}"
652180565,techaddict0x/memecoinwebsite,https://github.com/techaddict0x/memecoinwebsite,HTML,,[],User,,9,3,2023-06-11T10:52:37Z,2023-07-06T06:41:29Z,"[{'login': 'techaddict0x', 'contributions': 8}]","{'HTML': 97.71466968933898, 'PHP': 2.2581805594206243, 'JavaScript': 0.02714975124040426}"
652265962,Gip-Gip/egui-plotter,https://github.com/Gip-Gip/egui-plotter,Rust,MIT License,[],User,Simple to use utilties for integrating plotter into egui,9,1,2023-06-11T15:59:51Z,2023-07-05T13:16:39Z,"[{'login': 'Gip-Gip', 'contributions': 50}, {'login': 'bananaturtlesandwich', 'contributions': 5}]",{'Rust': 100.0}
652090971,hjiangsu/lemmy-dart,https://github.com/hjiangsu/lemmy-dart,Dart,,"['api', 'dart', 'flutter', 'lemmy', 'library']",User,A Lemmy library written in Dart.,9,2,2023-06-11T03:55:22Z,2023-07-07T11:15:00Z,"[{'login': 'hjiangsu', 'contributions': 26}]",{'Dart': 100.0}
652135713,cjbarrie/sicss_23,https://github.com/cjbarrie/sicss_23,HTML,,[],User,"Repository of materials for SICSS-Edinburgh, 2023.",9,0,2023-06-11T07:47:54Z,2023-06-26T09:45:54Z,"[{'login': 'cjbarrie', 'contributions': 20}]","{'HTML': 46.68959841086833, 'JavaScript': 45.79892414118824, 'CSS': 4.60990568003445, 'R': 2.901571767908986}"
652334213,Ayush2966/Animated-Text,https://github.com/Ayush2966/Animated-Text,JavaScript,,[],User,Text Animation,9,0,2023-06-11T20:21:06Z,2023-06-20T18:11:31Z,"[{'login': 'Ayush2966', 'contributions': 12}]","{'JavaScript': 70.32465574429591, 'CSS': 16.69514524072771, 'HTML': 12.980199014976378}"
652215305,maykbrito/boracodar-23-with-astro,https://github.com/maykbrito/boracodar-23-with-astro,Astro,,[],User,studying @astrodotbuild,9,0,2023-06-11T13:07:29Z,2023-07-10T01:29:42Z,"[{'login': 'maykbrito', 'contributions': 6}, {'login': 'astrobot-houston', 'contributions': 1}]","{'Astro': 86.39086069210293, 'CSS': 12.755102040816327, 'JavaScript': 0.8540372670807453}"
652345682,Nich1con/microReader,https://github.com/Nich1con/microReader,C++,,[],User,,9,2,2023-06-11T21:13:37Z,2023-07-05T01:10:31Z,"[{'login': 'Nich1con', 'contributions': 4}]","{'C++': 57.26582491169974, 'C': 33.628309290692506, 'CSS': 4.218984643280955, 'Processing': 3.6049959219107164, 'JavaScript': 1.281885232416084}"
652197150,dainbow/GarmanMIPT,https://github.com/dainbow/GarmanMIPT,TeX,,[],User,,9,1,2023-06-11T11:59:41Z,2023-06-25T09:50:27Z,"[{'login': 'dainbow', 'contributions': 49}, {'login': 'XDLoLiK', 'contributions': 6}]",{'TeX': 100.0}
652188656,aman0046/UltimateCodingResource,https://github.com/aman0046/UltimateCodingResource,,,[],User,,8,1,2023-06-11T11:25:49Z,2023-06-15T12:52:26Z,"[{'login': 'aman0046', 'contributions': 6}]",{}
652166248,well-typed/lazy-evaluation-zurihac-2023,https://github.com/well-typed/lazy-evaluation-zurihac-2023,Haskell,,[],Organization,Slides and code for the ZuriHac 2023 talk on Lazy Evaluation,8,0,2023-06-11T09:52:38Z,2023-06-14T22:24:32Z,"[{'login': 'kosmikus', 'contributions': 3}]",{'Haskell': 100.0}
652367228,ericviana/foolan,https://github.com/ericviana/foolan,TypeScript,MIT License,"['nextjs', 'react', 'tailwindcss', 'typescript']",User,Template de portfolio.,8,1,2023-06-11T23:11:27Z,2023-06-27T01:10:30Z,"[{'login': 'ericviana', 'contributions': 7}, {'login': 'Nick-Gabe', 'contributions': 2}]","{'TypeScript': 91.60351017151974, 'JavaScript': 7.808137215795771, 'CSS': 0.5883526126844835}"
652309861,Kartik1397/docker-image-layer-explorer,https://github.com/Kartik1397/docker-image-layer-explorer,Python,GNU General Public License v3.0,[],User,CLI tool to view and extract content of docker image layer,8,0,2023-06-11T18:39:14Z,2023-06-22T02:25:42Z,"[{'login': 'kartik-prajapati-shipsy', 'contributions': 6}, {'login': 'Kartik1397', 'contributions': 2}]",{'Python': 100.0}
652077374,johncoffeeocean/muji_website_react,https://github.com/johncoffeeocean/muji_website_react,JavaScript,,[],User,,8,0,2023-06-11T02:33:56Z,2023-06-23T16:05:30Z,"[{'login': 'mitchell-vu', 'contributions': 24}, {'login': 'johncoffeeocean', 'contributions': 2}]","{'JavaScript': 96.5795593855917, 'CSS': 2.8268551236749118, 'HTML': 0.5935854907333958}"
652086228,sweetbbak/hyprland-dots,https://github.com/sweetbbak/hyprland-dots,Lua,,[],User,its that good sh!t,8,0,2023-06-11T03:26:38Z,2023-07-09T03:55:20Z,"[{'login': 'No contributors', 'contributions': 0}]","{'Lua': 83.59113147367283, 'GLSL': 7.578184128013839, 'Shell': 6.034098280895232, 'Python': 1.3129797815980107, 'CSS': 0.8896232025083793, 'C': 0.45781976429884313, 'Rust': 0.13616336901286627}"
652230179,cr0sh/grasshopper-public,https://github.com/cr0sh/grasshopper-public,Lua,MIT License,[],User,Rust-based Lua runtime for cryptocurrency trading,8,0,2023-06-11T13:59:49Z,2023-06-16T22:31:15Z,"[{'login': 'cr0sh', 'contributions': 6}]","{'Lua': 56.36572496641421, 'Rust': 42.69971379061934, 'Dockerfile': 0.5023266680944686, 'Shell': 0.4322345748719846}"
652355068,yzqin/dex-hand-teleop,https://github.com/yzqin/dex-hand-teleop,Python,MIT License,"['dexterous-manipulation', 'dexterous-robotic-hand', 'imitation-learning', 'smpl', 'teleoperation']",User,"From One Hand to Multiple Hands: Imitation Learning for Dexterous Manipulation from Single-Camera Teleoperation, RA-L IROS 2022",8,1,2023-06-11T22:01:46Z,2023-07-07T01:51:39Z,"[{'login': 'yzqin', 'contributions': 9}]",{'Python': 100.0}
652064927,bravedevrabbit/electron-player,https://github.com/bravedevrabbit/electron-player,JavaScript,Apache License 2.0,[],User,,8,0,2023-06-11T01:11:51Z,2023-07-04T16:08:10Z,"[{'login': 'woodsyang', 'contributions': 11}, {'login': 'bravedevrabbit', 'contributions': 3}, {'login': 'mqycn', 'contributions': 2}, {'login': 'dependabot[bot]', 'contributions': 1}]","{'JavaScript': 98.32068464395284, 'HTML': 1.67931535604715}"
652128742,ShubhamChoudharyShubh/process-scheduling-solver,https://github.com/ShubhamChoudharyShubh/process-scheduling-solver,JavaScript,MIT License,"['fcfs', 'gantt-chart', 'scheduling-algorithms', 'turnaround-time', 'waiting-time']",User,A web-based tool to generate Gantt charts and calculate TAT (Turnaround Time) and WT (Waiting Time) based on various scheduling algorithms. It currently supports the First Come First Serve (FCFS) algorithm.,8,1,2023-06-11T07:16:52Z,2023-06-13T19:27:12Z,"[{'login': 'ShubhamChoudharyShubh', 'contributions': 45}]","{'JavaScript': 39.899429455565226, 'CSS': 31.205879508751572, 'HTML': 28.894691035683202}"
652326232,filletofish/aws-cdk-multi-tenant-api-example,https://github.com/filletofish/aws-cdk-multi-tenant-api-example,TypeScript,,[],User,aws-cdk-multi-tenant-api-example,8,0,2023-06-11T19:46:52Z,2023-06-21T16:09:51Z,"[{'login': 'filletofish', 'contributions': 16}]","{'TypeScript': 96.70463543887435, 'JavaScript': 3.2953645611256626}"
652246557,WesSec/VelociDeploy-o-Matic,https://github.com/WesSec/VelociDeploy-o-Matic,HCL,MIT License,"['ansible', 'azure', 'incident-response', 'incident-response-tooling', 'terraform', 'velociraptor']",User,Scripts to for ready-to-use Velociraptor instance deployment in Azure,8,0,2023-06-11T14:52:57Z,2023-06-28T11:18:56Z,"[{'login': 'WesSec', 'contributions': 2}]","{'HCL': 70.44545773412838, 'Shell': 19.649245878639075, 'Jinja': 9.90529638723255}"
652105730,johncoffeeocean/joma_ecommerce_react_laravel,https://github.com/johncoffeeocean/joma_ecommerce_react_laravel,TypeScript,,[],User,,8,0,2023-06-11T05:22:09Z,2023-06-23T16:05:30Z,"[{'login': 'johncoffeeocean', 'contributions': 2268}]","{'TypeScript': 42.92148301080998, 'Vue': 27.780645268709335, 'PHP': 25.909399311524677, 'Blade': 1.5161858300623123, 'CSS': 0.8728734895375894, 'HTML': 0.5011634150706998, 'JavaScript': 0.4279036467547171, 'Shell': 0.07034602753068793}"
652131222,PratyushSingh07/IssueHive,https://github.com/PratyushSingh07/IssueHive,Kotlin,,"['chip-navigation-bar', 'coroutines', 'github-api', 'hilt-dependency-injection', 'mvvm-architecture', 'retrofit2']",User,,8,1,2023-06-11T07:27:39Z,2023-07-07T16:47:05Z,"[{'login': 'PratyushSingh07', 'contributions': 51}, {'login': 'Aditya-gupta99', 'contributions': 1}]",{'Kotlin': 100.0}
652112529,XHYN-PH/alien-cache-mod,https://github.com/XHYN-PH/alien-cache-mod,,,['exagear'],User,A Simple Modification for XEGW (ExaGear) from ExaGear International Devs,8,0,2023-06-11T05:58:23Z,2023-06-25T06:43:57Z,"[{'login': 'XHYN-PH', 'contributions': 24}]",{}
652266229,iqojs/v14-slash-genel-bot,https://github.com/iqojs/v14-slash-genel-bot,,GNU General Public License v3.0,[],User,Discord v14 Slash Gelişmiş 60 Komutlu Genel Bot ( Onaylı Bot Altyapısı ) ( GPL & Custom Lisanslı İzinsiz Paylaşmayın! ),8,0,2023-06-11T16:00:38Z,2023-06-25T19:58:13Z,"[{'login': 'iqojs', 'contributions': 3}]",{}
652225310,naidendev/Pratice,https://github.com/naidendev/Pratice,JavaScript,,[],User,,8,0,2023-06-11T13:43:33Z,2023-06-23T06:14:56Z,"[{'login': 'naidendev', 'contributions': 22}, {'login': 'star95417', 'contributions': 22}, {'login': 'superman0216', 'contributions': 17}, {'login': 'ren116', 'contributions': 4}, {'login': 'jaguar-person', 'contributions': 1}]","{'JavaScript': 89.77566701417044, 'HTML': 6.629599598440095, 'CSS': 3.5947333873894745}"
652292295,nateshirley/codespeak,https://github.com/nateshirley/codespeak,Python,,[],User,,8,0,2023-06-11T17:32:36Z,2023-06-18T07:35:41Z,"[{'login': 'nateshirley', 'contributions': 47}]",{'Python': 100.0}
652077950,wanghan79/2023_Python,https://github.com/wanghan79/2023_Python,Python,,[],User,,8,1,2023-06-11T02:37:19Z,2023-06-24T14:57:35Z,"[{'login': 'SunJ1111', 'contributions': 43}, {'login': 'strawberries-and-cherries', 'contributions': 35}, {'login': 'Ye666666', 'contributions': 32}, {'login': '2168259496', 'contributions': 32}, {'login': 'zhouxx821', 'contributions': 31}]",{'Python': 100.0}
652252260,RuiXiangLiuA/Machine_Learning,https://github.com/RuiXiangLiuA/Machine_Learning,Python,,[],User,Self-learning machine learning,7,3,2023-06-11T15:12:05Z,2023-06-12T04:40:24Z,"[{'login': 'RuiXiangLiuA', 'contributions': 70}]",{'Python': 100.0}
652146428,HiLab-git/SegRap2023,https://github.com/HiLab-git/SegRap2023,Python,,[],Organization,[SegRap2023]A challenge about organ-at-risk and gross-tumor-volume segmentation in adaptive radiotherapy hosted on MICCAI2023.,7,2,2023-06-11T08:28:27Z,2023-07-06T03:31:53Z,"[{'login': 'Luoxd1996', 'contributions': 6}, {'login': 'Fujia1998', 'contributions': 3}]","{'Python': 90.12446958981613, 'Jupyter Notebook': 9.875530410183876}"
652183348,axim2/llm-ui,https://github.com/axim2/llm-ui,C++,GNU Affero General Public License v3.0,[],User,Native UI for Large Language Models,7,0,2023-06-11T11:04:23Z,2023-06-29T01:05:04Z,"[{'login': 'axim2', 'contributions': 21}]","{'C++': 97.09104249356895, 'JavaScript': 1.9647640179273889, 'HTML': 0.4556986642857775, 'CSS': 0.41945492958991537, 'Makefile': 0.06903989462797133}"
652075583,johncoffeeocean/flutter_food_delivery_app_ui,https://github.com/johncoffeeocean/flutter_food_delivery_app_ui,Dart,,[],User,,7,0,2023-06-11T02:21:26Z,2023-06-28T04:30:38Z,"[{'login': 'johncoffeeocean', 'contributions': 23}]","{'Dart': 98.92871445734882, 'Kotlin': 0.519373247897477, 'Swift': 0.5056067280736884, 'Objective-C': 0.04630556668001602}"
652173762,ikuradon/823chan,https://github.com/ikuradon/823chan,JavaScript,MIT License,[],User,bot on Nostr,7,1,2023-06-11T10:24:22Z,2023-06-22T04:24:57Z,"[{'login': 'ikuradon', 'contributions': 52}, {'login': 'mattn', 'contributions': 24}]",{'JavaScript': 100.0}
652293816,MakersFunDuck/Self-Watering-Duck,https://github.com/MakersFunDuck/Self-Watering-Duck,C++,,[],User,Arduino Plant Watering System with Tensiometer Method and IoT Integration,7,0,2023-06-11T17:38:01Z,2023-06-29T18:47:34Z,"[{'login': 'MakersFunDuck', 'contributions': 4}]",{'C++': 100.0}
652100720,noghartt/youtube-rss,https://github.com/noghartt/youtube-rss,TypeScript,,[],User,A simple web tool to get the RSS feed link from a YouTube channel,7,0,2023-06-11T04:54:08Z,2023-07-07T11:01:28Z,"[{'login': 'noghartt', 'contributions': 5}]","{'TypeScript': 97.58466789183512, 'JavaScript': 2.415332108164873}"
652118139,wartheking/NasAutoNameFixer,https://github.com/wartheking/NasAutoNameFixer,Python,,[],User,能批量修复在第三方网站下载的电视剧/动漫，因为名称不规范，在Infuse或者Video Station搜刮的时候搜刮不到的问题,7,1,2023-06-11T06:26:02Z,2023-06-23T07:50:05Z,"[{'login': 'No contributors', 'contributions': 0}]",{}
652079688,hollowcode1/Webserver-Reactor,https://github.com/hollowcode1/Webserver-Reactor,C++,,[],User,"A C++11 high performance webserver,支持多线程，单线程，使用Reactor模型，仿照muduo库的one loop per thread",7,0,2023-06-11T02:47:54Z,2023-07-01T12:15:08Z,"[{'login': 'No contributors', 'contributions': 0}]",{}
652240111,GGamerz-ITI/GGamerz,https://github.com/GGamerz-ITI/GGamerz,TypeScript,,[],Organization,,7,0,2023-06-11T14:31:09Z,2023-06-30T11:08:54Z,"[{'login': 'No contributors', 'contributions': 0}]",{}
652110429,DonFrancis1/MS-Fabric-End-to-End-Project,https://github.com/DonFrancis1/MS-Fabric-End-to-End-Project,Jupyter Notebook,,[],User,,7,2,2023-06-11T05:47:28Z,2023-06-21T13:11:02Z,"[{'login': 'No contributors', 'contributions': 0}]",{}
652272068,crystal-jewel/NextJS-RealWorldSimple,https://github.com/crystal-jewel/NextJS-RealWorldSimple,JavaScript,,[],User,,7,0,2023-06-11T16:20:04Z,2023-06-29T14:52:22Z,"[{'login': 'No contributors', 'contributions': 0}]",{}
652130448,Richard0403/dy-auto,https://github.com/Richard0403/dy-auto,Python,MIT License,[],User,抖音ffmpeg自动生成视频、字幕、自动上传发布,7,2,2023-06-11T07:24:16Z,2023-07-07T07:00:32Z,"[{'login': 'No contributors', 'contributions': 0}]",{}
652355528,zhaolin820/near-field-integrated-sensing-and-communications,https://github.com/zhaolin820/near-field-integrated-sensing-and-communications,MATLAB,Apache License 2.0,[],User,"The code for the paper ""Near-Field Integrated Sensing and Communications"" in IEEE Communications Letters",7,5,2023-06-11T22:04:31Z,2023-07-05T02:00:06Z,"[{'login': 'No contributors', 'contributions': 0}]",{}
652074744,johncoffeeocean/measure-stress-hrv-android,https://github.com/johncoffeeocean/measure-stress-hrv-android,Java,,[],User,,7,0,2023-06-11T02:16:30Z,2023-06-28T04:30:38Z,"[{'login': 'No contributors', 'contributions': 0}]",{}
652328628,capntrips/BootControl,https://github.com/capntrips/BootControl,Java,MIT License,[],User,Boot Control is an Android app that toggles the active boot slot.,7,2,2023-06-11T19:56:54Z,2023-06-28T05:27:08Z,"[{'login': 'No contributors', 'contributions': 0}]",{}
652197452,m3ir/jamf-connect-unmigration,https://github.com/m3ir/jamf-connect-unmigration,Shell,,[],User,Unmigrate Jamf connect from a Local user,7,0,2023-06-11T12:00:48Z,2023-06-16T13:55:05Z,"[{'login': 'No contributors', 'contributions': 0}]",{}
652276807,kubearmor/kubetls,https://github.com/kubearmor/kubetls,Shell,Apache License 2.0,"['certificate', 'k8s', 'kubernetes', 'openssl', 'rsa', 'services', 'ssl', 'tls']",Organization,Assess server port security by detecting its TLS configuration and certificates usage.,7,3,2023-06-11T16:36:25Z,2023-06-28T14:04:13Z,"[{'login': 'No contributors', 'contributions': 0}]",{}
652167900,damxmcka1/kaishidonglema,https://github.com/damxmcka1/kaishidonglema,,,[],User,,7,6,2023-06-11T09:59:28Z,2023-06-11T12:48:59Z,"[{'login': 'No contributors', 'contributions': 0}]",{}
652136500,yuliyantsvetkov/argo-exporter,https://github.com/yuliyantsvetkov/argo-exporter,Python,,[],User,ArgoCD Prometheus exporter for reading the application tags,7,0,2023-06-11T07:51:26Z,2023-06-20T15:17:26Z,"[{'login': 'No contributors', 'contributions': 0}]",{}
652266015,coder-xiaotian/layzy-cut,https://github.com/coder-xiaotian/layzy-cut,TypeScript,MIT License,[],User,基于 Cursor（GPT-3.5）辅助生成的简单抖音视频生成工具。,7,2,2023-06-11T16:00:05Z,2023-06-26T10:11:11Z,"[{'login': 'No contributors', 'contributions': 0}]",{}
652152388,sincerydev/object-size-detection,https://github.com/sincerydev/object-size-detection,Python,GNU General Public License v3.0,[],User,,7,0,2023-06-11T08:53:26Z,2023-06-11T09:08:37Z,"[{'login': 'No contributors', 'contributions': 0}]",{}
